{
  "project_info": {
    "project_number": "334361550997",
    "project_id": "moaaadatabase",
    "storage_bucket": "moaaadatabase.firebasestorage.app"
  },
  "client": [
    {
      "client_info": {
        "mobilesdk_app_id": "1:334361550997:android:c49eb4951c067cbb3abb9c",
        "android_client_info": {
          "package_name": "com.example.moaaa"
        }
      },
      "oauth_client": [],
      "api_key": [
        {
          "current_key": "AIzaSyArqb3vBO0qD_hGt3F85QUnW_3S8QqeqeQ"
        }
      ],
      "services": {
        "appinvite_service": {
          "other_platform_oauth_client": []
        }
      }
    }
  ],
  "configuration_version": "1"
}